{"confusion_matrix":{"path":"media/images/confusion_matrix_44_3cda44f69a20897346e2.png","format":"png","width":1000,"height":700,"_type":"image-file","sha256":"3cda44f69a20897346e2ae7acbae6e02c3850134daba95695157db4a3bfa9064","size":47621},"val_loss":0.8460121713420178,"_step":44,"_wandb":{"runtime":343},"train_loss":0.1134617144456239,"val_accuracy":83.88666666666667,"test_recall":0.8407,"test_f1_score":0.8408629243266849,"_timestamp":1.7376548734092388e+09,"test_precision":0.8417247968200736,"_runtime":343.517670097,"test_accuracy":0.8407}